{
	"name": "nerps-journal",
	"title": "Nerps Journal",
	"description": "A custom take on the appearance of journal entries infused with Nerps.",
	"version": "1.1.0",
	"author": "Jamz",
	"scripts": [],
	"styles": [
		"styles/custom-journal.css",
		"styles/dark-slate-journal.css",
		"styles/handwritten-letter.css",
		"styles/royal-journal.css",
		"styles/pathfinder-journal.css",
		"fonts/Anglo-text/stylesheet.css",
		"fonts/Lovers-Quarrel/stylesheet.css"
	],
	"esmodules": [
		"scripts/nerps-journal.js"
	],
	"packs": [],
	"url": "https://github.com/JamzTheMan/FVTT-Nerps-Journal-Theming",
	"manifest": "https://raw.githubusercontent.com/JamzTheMan/FVTT-Nerps-Journal-Theming/v1.1.0/module.json",
	"download": "https://github.com/JamzTheMan/FVTT-Nerps-Journal-Theming/raw/v1.1.0/custom-journal.zip",
	"bugs": "https://github.com/JamzTheMan/FVTT-Nerps-Journal-Theming/issues",
	"compatibleCoreVersion": "0.7.1",
	"minimumCoreVersion": "0.6.5"
}